{
  "timestamp": "2026-04-29T05:51:02.158Z",
  "version": "v11.1.0-alpha",
  "platform": "linux-arm64",
  "nodeVersion": "v20.19.4",
  "samples": {
    "small-arithmetic": {
      "avg": 180364.32085999998,
      "p50": 180003.75,
      "p95": 196114.219,
      "p99": 204812.24,
      "min": 160359.948,
      "max": 204812.24
    },
    "map-filter": {
      "avg": 180773.66443999993,
      "p50": 179085.052,
      "p95": 196339.947,
      "p99": 209012.76,
      "min": 169046.927,
      "max": 209012.76
    },
    "recursive-factorial": {
      "avg": 181059.45614000008,
      "p50": 181841.666,
      "p95": 192673.333,
      "p99": 203267.708,
      "min": 169131.406,
      "max": 203267.708
    },
    "reduce-sum": {
      "avg": 181853.67489999998,
      "p50": 180672.969,
      "p95": 194966.302,
      "p99": 209938.593,
      "min": 166954.74,
      "max": 209938.593
    },
    "complex-let": {
      "avg": 180731.72083999997,
      "p50": 180127.76,
      "p95": 192870.365,
      "p99": 199088.385,
      "min": 170988.542,
      "max": 199088.385
    },
    "try-catch": {
      "avg": 180343.96036000003,
      "p50": 180230.625,
      "p95": 191650.417,
      "p99": 196208.021,
      "min": 164054.583,
      "max": 196208.021
    },
    "type-validation": {
      "avg": 180156.10096,
      "p50": 177603.386,
      "p95": 200028.854,
      "p99": 202302.917,
      "min": 165562.135,
      "max": 202302.917
    }
  },
  "summary": {
    "avgExecutionTime": 180754.69978571427,
    "minExecutionTime": 180156.10096,
    "maxExecutionTime": 181853.67489999998,
    "samplesCount": 7
  }
}